id,time,week1,week2,week3,week4,later,clim_week1,clim_week2,clim_week3,clim_week4,clim_later
Abergele (AM),5/18/26,1.4658931133460404e-11,3.1558193094425376e-08,4.763231052609739e-07,3.0293813686482255e-10,0.9999994918011044,9.999999999999998e-05,9.999999999999998e-05,9.999999999999998e-05,0.0025717138531151104,0.9971282861468849
Abichugna Gne'a,5/18/26,0.02735271914837952,0.15155569675888944,0.04104085637209152,0.031672541406127706,0.7483781863145118,0.022893709276847238,0.026233826175330873,0.04117972429973103,0.09171231508688966,0.8179804251612012
Abuna Ginde Beret,5/18/26,0.07850978264794,0.24950501934460162,0.13673461442007148,0.15317326122477046,0.38207732236261654,0.19058784900837575,0.19294538720512142,0.19722427616619062,0.1943291463865495,0.22491334123376272
Ada'a,5/18/26,0.04785386950676959,0.22390034168728729,0.06893383625123017,0.06975445009045683,0.5895575024642562,0.050691165640225015,0.050493913725497316,0.061764880771715436,0.11297048561230623,0.724079554250256
Adaba,5/18/26,0.4815692903706971,0.4180049632187533,0.06303968572676344,0.012080238064785115,0.025305822619001057,0.0719747422297484,0.07739069369292996,0.08036973556285712,0.08729253486027497,0.6829722936541895
Adama,5/18/26,0.07901727789260139,0.2931164899436347,0.07836504795957057,0.041376096326165325,0.508125087878028,0.04337395304464724,0.0481386654038989,0.05879245885931822,0.09015680010190988,0.7595381225902258
Adama Tulu Jido Kombolcha,5/18/26,0.013993310803842482,0.12601823549158894,0.04404814714903396,0.08738781660763098,0.7285524899479037,0.05541989872404393,0.062057516757722496,0.06916746564556127,0.07775585051460075,0.7355992683580715
Adama town,5/18/26,0.0035746007722397325,0.06933097368630753,0.029439319245290384,0.008341492459315484,0.8893136138368468,0.0025333293929448654,0.010760968685222505,0.025415274324206063,0.05857996364717097,0.9027104639504556
Adda Berga,5/18/26,0.10597882582932083,0.21047084317717316,0.10238690992172354,0.19747458003552318,0.38368884103625917,0.13178435542247213,0.12809529288114174,0.1705384019682095,0.23886828887832942,0.3307136608498472
Addi Arekay,5/18/26,0.4118957900001975,0.25182980031754026,0.12664650603449515,0.17129801903168157,0.0383298846160855,0.08413327682736114,0.11677779736709154,0.24730233255651543,0.28604949185735434,0.2657371013916776
Adiss Zemen town,5/18/26,0.23489435644036416,0.2353922485185407,0.13424698066041296,0.15873637404596594,0.23673004033471617,0.0869650081825235,0.10014136581938715,0.15116312898284176,0.2380780805229884,0.42365241649225915
Agarfa,5/18/26,0.4585843976890454,0.4537391337624857,0.074668768981393,0.005089982370230115,0.00791771719684584,0.0787578048295301,0.08239220977741399,0.07809661573628217,0.07029632682901392,0.6904570428277599
Akaki,5/18/26,0.07344718123872164,0.33501586530872485,0.10390125548300173,0.09130159937726694,0.3963340985922848,0.09866374561790468,0.10307474266653573,0.09532533550629342,0.10826369797063201,0.5946724782386341
Akeseta town,5/18/26,0.00026237653518032474,0.029972295164540204,0.014922666317693203,0.0029526651884665286,0.9518899967941197,9.999999999999998e-05,0.002274167161713135,0.014612571903495132,0.034917254212800154,0.9480960067219916
Albuko,5/18/26,0.0005368698021065151,0.02640087046209732,0.023695864950438787,0.003589038943421057,0.9457773558419366,0.000168227053584869,0.003835119835792998,0.020378609234197747,0.0530199622411247,0.9225980816352997
Alefa,5/18/26,0.5908498239568993,0.2810872941459984,0.08795518379472003,0.030160735515764966,0.009946962586617066,0.10454161076691151,0.11757130779733485,0.12682134714541526,0.1556194532046538,0.49544628108568456
Aleltu,5/18/26,0.05427684188572887,0.16631002587955496,0.11105956552425483,0.24541990839482625,0.4229336583156352,0.01726489984455037,0.021749169909741125,0.09469497713322898,0.22841401994921184,0.6378769331632677
Aleme Ketma town,5/18/26,0.019568786487635832,0.10774112343136752,0.026301643942923763,0.049679067378238594,0.7967093787598344,0.04126029308274738,0.03762498863812568,0.04677796481174072,0.10854362458523974,0.7657931288821465
Amanuel town,5/18/26,0.04597194138894259,0.2178042260392879,0.18538227356614764,0.1887274540578875,0.3621141049477344,0.25463821638105344,0.17906572575146673,0.15073244904614608,0.17269983030980215,0.24286377851153151
Amba Giorgis town,5/18/26,0.46670877380598647,0.28951329103068235,0.09601742207871947,0.08007045393848182,0.06769005914613004,0.13551479903206795,0.14587380225052704,0.16600449223034972,0.20499054908306885,0.34761635740398633
Ambasel,5/18/26,7.706604499711957e-05,0.008421916386115436,0.017432261424265242,0.0014594193092125247,0.9726093368354098,9.999999999999998e-05,0.0009308385669877566,0.011628843720278888,0.03405154365531702,0.9532887740574163
Ambo Zuria,5/18/26,0.19807534062433016,0.439280159197602,0.15368255873710024,0.14948947498060008,0.059472466460367454,0.19310923582747533,0.20079595034049122,0.21107146254166773,0.19660997485386128,0.19841337643650436
Ambo town,5/18/26,0.17407697569611094,0.44740240553565913,0.15666854138861866,0.15000336203084655,0.07184871534876468,0.16766568325295206,0.176340647427339,0.18623411028529088,0.18536842438642523,0.2843911346479928
Amde Work town,5/18/26,0.00026186596768884026,0.013534909855713996,0.03053861078446822,0.002021537432686656,0.9536430759594424,0.00012155175796008599,0.003486809126521256,0.01990270722204014,0.0523181896448519,0.9241707422486266
Ameya,5/18/26,0.23177614625665036,0.40704885792427564,0.17493206790537352,0.1435359343133512,0.042706993600349366,0.2655696699782633,0.226355324304588,0.1746373660532463,0.1360129940686087,0.1974246455952937
Amigna,5/18/26,0.1664372742680999,0.5392906039045218,0.16201666483554306,0.006288087662543113,0.12596736932929217,0.04414058260095951,0.04523905706183334,0.044392833222853915,0.04522062250631053,0.8210069046080427
Anchar,5/18/26,0.2009491816910239,0.3892325683477825,0.17467975699035945,0.007139651748552478,0.22799884122228178,0.045780904832483635,0.042804582577174434,0.042202000246061896,0.05317912090254881,0.8160333914417313
Andabet /West Esite,5/18/26,0.03685245024094379,0.12459070435664892,0.06856782325374924,0.10337920290803797,0.66660981924062,0.09787822652961174,0.11180022135674213,0.14527873489536114,0.19754648148188186,0.44749633573640313
Aneded,5/18/26,0.05509135529395851,0.2137632075172226,0.09772730442598507,0.1476006636119639,0.48581746915086993,0.1478363747798806,0.1373407257617368,0.1409368573046718,0.1809241909470117,0.39296185120669913
Angolelana Tera,5/18/26,0.04257674802345475,0.1597092247166869,0.09008415208447025,0.06495722608312833,0.6426726490922597,0.018588267378693908,0.019337798410941767,0.053352165226718436,0.12862265979489973,0.7800991091887461
Angot,5/18/26,0.00014568618457572784,0.013526441678672556,0.01687941490803496,0.002855545292535663,0.9665929119361812,9.999999999999998e-05,0.0020648327267187845,0.016065367830373416,0.050282101344803556,0.9314876980981043
Ankober,5/18/26,0.0004772427387378364,0.01706139752379948,0.06629713206333022,0.0037206866164665032,0.912443541057666,9.999999999999998e-05,0.003867746832504707,0.02756170562123561,0.07833401162592994,0.8901365359203297
Antsokiya,5/18/26,0.00014328467230728407,0.01235901970714836,0.02261345532254549,0.0014031769923965264,0.9634810633056026,9.999999999999998e-05,0.001216369437969153,0.0117975835930763,0.033342238092941394,0.9535438088760132
Arerti town,5/18/26,0.0021515805581933294,0.020639014664703005,0.01289672969595615,0.0007086234884821247,0.9636040515926655,0.026567883477274682,0.01648445810228253,0.013812933145862918,0.039412624658231935,0.903722100616348
Argoba,5/18/26,3.854257975640287e-13,6.530130532810199e-10,7.806555212522601e-08,1.4154367766716797e-11,0.9999999212668949,9.999999999999998e-05,9.999999999999998e-05,9.999999999999998e-05,0.0038199090423403264,0.9958800909576597
Arsi Negele,5/18/26,0.027508898330921273,0.12258475709643583,0.0811080586850304,0.09719623013997451,0.671602055747638,0.12138736134726062,0.1224493088277079,0.11342275816162477,0.10008758954106559,0.5426529821223411
Arsi Negele town,5/18/26,0.1485350024424911,0.2968471655522379,0.15053723905787572,0.11827110233578773,0.2858094906116076,0.12197452730429997,0.1282170216740432,0.12134188428832787,0.10745771027168737,0.5210088564616415
Aseko,5/18/26,0.30037907852260953,0.40117467544592944,0.16096731869584957,0.016524591361881752,0.12095433597372968,0.05279035386792046,0.0538380213164223,0.05931230979279548,0.0814867539729608,0.752572561049901
Asela town,5/18/26,0.2870111384615046,0.48879098091409534,0.1025168654045102,0.03186322335489645,0.08981779186499335,0.09825459174947568,0.09696959507061799,0.09082711943628313,0.09166375605341229,0.6222849376902109
Assagirt,5/18/26,0.010176485857839188,0.051540091871368376,0.033545139182260514,0.003820890464764427,0.9009173926237677,0.03179019991558788,0.01977227073810826,0.021262094706611723,0.06069749483158997,0.8664779398081022
Ataye town,5/18/26,2.7965640122252776e-11,8.752267980225309e-07,3.959389028301647e-06,8.416121688477242e-12,0.9999951653477919,9.999999999999998e-05,9.999999999999998e-05,9.999999999999998e-05,9.999999999999998e-05,0.9996
Awabel,5/18/26,0.07161489743671534,0.2045084427881719,0.07965518910615806,0.11995131527854856,0.5242701553904062,0.1383906678616542,0.13973690124522534,0.14811675088173462,0.1813538179626864,0.39240186204869953
Aykel town,5/18/26,0.7586711045035344,0.17688511207402705,0.03654367309352229,0.02650272628553584,0.001397384043380594,0.19374731841279533,0.17449992795062055,0.19365408149173133,0.2243130675318629,0.2137856046129899
Bako Tibe,5/18/26,0.4510427095547462,0.3267730886273635,0.12206175103530256,0.08380655075621599,0.016315900026371715,0.4054408618870352,0.253642485340009,0.17265192776792648,0.11818644335001639,0.050078281655012935
Baso Liben,5/18/26,0.15855129351778166,0.3385397729664756,0.15609726881915975,0.1543341678071784,0.1924774968894046,0.21402270251638794,0.21096866829593447,0.19374942227056433,0.1962874865069397,0.1849717204101735
Basona Worena,5/18/26,0.00035060728249127604,0.01704189844113545,0.04181988363169576,0.007801046592147261,0.9329865640525302,9.999999999999998e-05,0.002309969308192572,0.026658620114736076,0.08394481156989923,0.8869865990071721
Batu town,5/18/26,0.022883847583685578,0.20760477650224957,0.06266249616446731,0.0648996431237098,0.6419492366258877,0.02111201282487361,0.032180886491998094,0.04833391103565674,0.06770598039329259,0.8306672092541789
Bechena town,5/18/26,0.23744165903236816,0.3590365483000616,0.09186320938371689,0.0674242350903927,0.24423434819346063,0.09887955780799847,0.09402168464204377,0.09554230832748313,0.13773558608602454,0.5738208631364501
Becho (SW Shewa),5/18/26,0.1296015415238194,0.4120833130531553,0.1578896281885244,0.11880248091921736,0.18162303631528356,0.18946854370586438,0.2178293314765214,0.18156905374270416,0.150137197838312,0.260995873236598
Bedesa town,5/18/26,0.4729031782373333,0.38414320488199943,0.11611543115451285,0.007296098354366537,0.01954208737178788,0.054232943594643625,0.06211829301251697,0.06915923926444188,0.07947704345675763,0.7350124806716399
Bele Gesgar,5/18/26,0.23518772223127427,0.5734191111339203,0.12768761685115834,0.00926479208500418,0.05444075769864278,0.051368686196519034,0.056507910912665146,0.05741917360355411,0.05757824967905495,0.7771259796082067
Bereh,5/18/26,0.15081755523596346,0.27887444482321017,0.10384192119449857,0.16425888052770019,0.3022071982186276,0.0720154757476289,0.06953636044110073,0.10832823874195656,0.19892831858753063,0.5511916064817832
Berehet,5/18/26,0.066656623217626,0.25651022081292624,0.08425872725731674,0.0066505158461968895,0.585923912865934,0.045960290859639735,0.03589862310063932,0.030911905357491623,0.048464274658786825,0.8387649060234426
Beyeda,5/18/26,0.09842896964760513,0.3469555904934529,0.07870678681932301,0.03237667173415494,0.4435319813054642,0.03972023678702362,0.04488183913836569,0.05685571946750687,0.07683144941703987,0.7817107551900639
Bibugn,5/18/26,0.042468911686965115,0.0955973472393305,0.038942763467070346,0.042688129797384615,0.7803028478092494,0.23117542734891808,0.1879382823486557,0.15045724765747123,0.15125534870822088,0.2791736939367341
Bishoftu town,5/18/26,0.06955261083242821,0.2992134536535511,0.0976403646964994,0.10068854028772466,0.4329050305297967,0.06298440122822924,0.08345026252205184,0.09933714753284627,0.12911335956182196,0.6251148291550507
Boke,5/18/26,0.5129897094962534,0.4016128707717047,0.07179484690974931,0.004250948594847195,0.009351624227445229,0.08078859714232274,0.07733900298539402,0.07022352445053376,0.06772407715641125,0.7039247982653383
Bokoji town,5/18/26,0.6300794924336969,0.32514418269501394,0.032462478588791616,0.009027319341770947,0.0032865269407264816,0.13506419851789636,0.13404237226917146,0.118910569392617,0.10497748776258645,0.5070053720577288
Bora (OR),5/18/26,0.014155027128604943,0.11593384718653114,0.027977960189536213,0.0395226521292711,0.8024105133660565,0.025015079331515786,0.015269736802951633,0.025494599692543616,0.06784683695152019,0.8663737472214688
Borena /Debresina,5/18/26,0.00862087528918859,0.11260642330784114,0.028875015132067146,0.0823572471846686,0.7675404390862344,0.019566499275694788,0.02339726582209296,0.04972525584997623,0.10456534192887988,0.8027456371233561
Boset,5/18/26,0.007030590377711504,0.0855434337869375,0.06428671642000008,0.006824356047171563,0.8363149033681792,0.0032701229417536576,0.011990072255840428,0.028700314661574015,0.059585613871580075,0.8964538762692518
Bugna,5/18/26,3.7429693540835097e-05,0.003408400615914304,0.008135686970607639,0.0017897466619300397,0.986628736058007,9.999999999999998e-05,0.0005226438254478562,0.00843281093267935,0.042596283831315265,0.9483482614105575
Burayu,5/18/26,0.17195666927282632,0.41474547319092975,0.12304590760052765,0.11469138452250281,0.17556056541321335,0.11881137612257985,0.10988145474003162,0.10943909692404862,0.14880578285024484,0.5130622893630951
Bure (AM),5/18/26,0.5432471212023862,0.33487099060377196,0.07638387883238669,0.04092264129123765,0.004575368070217424,0.40650020136701753,0.22232069295084042,0.18577623289888645,0.12581707139315695,0.059585801390098725
Bure town,5/18/26,0.32864702550367175,0.4124503367710618,0.15881384904260945,0.07035223075245117,0.029736557930205867,0.44589587355965904,0.26747337268996685,0.18655899964525524,0.07544280296178872,0.02462895114333008
Burqua Dhintu,5/18/26,0.2856807068379436,0.4984152408237577,0.15812843524489073,0.003095862710522714,0.05467975438288519,0.04863346972210407,0.04855894201519559,0.046708588443689865,0.0437844448348892,0.8123145549841213
Chancho town,5/18/26,0.22103230390361894,0.29806227365587007,0.10463906336509114,0.1724932912313102,0.20377306784410987,0.10076922240873298,0.11112493074027151,0.15084244740633995,0.21838881061299753,0.41887458883165807
Cheliya,5/18/26,0.3002652579708331,0.3720897102806037,0.14971009109426783,0.13555719998639693,0.0423777406678984,0.34207642325724297,0.22006562372973223,0.2029334161124456,0.15160049832941155,0.08332403857116755
Chilga 1,5/18/26,0.7541039854528476,0.1787432495451353,0.03735684946905717,0.028500672536817494,0.0012952429961422813,0.16903054782863824,0.1734380240760458,0.20371087796698462,0.2327730876210464,0.2210474625072849
Chilga 2,5/18/26,0.7541412978595886,0.1766079862830755,0.03940683756439017,0.028292932803408975,0.001550945489536821,0.16411354480700993,0.1658279072917897,0.18992426238807936,0.23135491999928287,0.24877936551383817
Chiro Zuria,5/18/26,0.3597263432088862,0.42134678276412385,0.15721759492397955,0.005597685021995387,0.0561115940810151,0.04887165765309539,0.05022233998073191,0.05224175177419519,0.06339605746936099,0.7852681931226165
Chiro town,5/18/26,0.4747601381614688,0.38365273886379064,0.11522002953306115,0.007198219312984718,0.019168874128694665,0.05426886047801245,0.062132350148080995,0.0691518465931152,0.07953327195347515,0.7349136708273162
Chole,5/18/26,0.15322471942793536,0.4473002240546004,0.1584215094960658,0.011196493525531032,0.2298570534958674,0.052795101269085355,0.049929458114255386,0.04393242619885343,0.05106701942016832,0.8022759949976375
Cobi,5/18/26,0.0855273111806163,0.3185258408278301,0.1909879297431047,0.1602993573372141,0.24465956091123484,0.2686823270898897,0.24804045270475492,0.20546832746988009,0.1716924665049697,0.10611642623050555
Dabat,5/18/26,0.5747746950409244,0.2554202721769015,0.08799059106836198,0.0664392784019761,0.015375163311836,0.08590726335309147,0.12909806335545546,0.17605772176390688,0.23372434154276842,0.3752126099847778
Dabat town,5/18/26,0.5480790569286282,0.29498466283404656,0.08443560555868386,0.05238312393713001,0.020117550741511503,0.08681732166632393,0.1271654461267902,0.16291796839517234,0.19244595379623677,0.4306533100154768
Dano,5/18/26,0.4303590670285981,0.3216345716103349,0.1300864803224365,0.09484568312822471,0.02307419791040587,0.44133461569320687,0.26221976933758556,0.14941729301913176,0.1011441105226667,0.04588421142740917
Daro Lebu,5/18/26,0.45012753295345387,0.4398035122463938,0.08544222147284326,0.005843377044834184,0.018783356282474805,0.07728831623183637,0.0738190522030873,0.0666934548196302,0.0673309175512274,0.7148682591942188
Dawo,5/18/26,0.2635731373832531,0.47060052259995744,0.11889895325902801,0.08404195683709309,0.06288542992066819,0.23634485484929815,0.21339330840945625,0.1546313262875809,0.14781576891184509,0.2478147415418196
Dawunt,5/18/26,0.013228287105650884,0.20620880093702795,0.013153264873718245,0.023724974894569713,0.7436846721890331,0.012956861316667815,0.008435100794342058,0.017240760479751278,0.04783366593845403,0.9135336114707848
Debark,5/18/26,0.6333985037830688,0.22544650192892288,0.06728438151713714,0.06883849377319665,0.005032118997674692,0.1080917621812387,0.1341219500441049,0.2222604850081488,0.2522274858235703,0.2832983169429373
Debark town,5/18/26,0.40218397203690165,0.2579132892381158,0.13197850868964753,0.1683249003292148,0.03959932970612009,0.06524863555501943,0.10414320230834649,0.22493316500163682,0.27620552337921506,0.32946947375578217
Debay Telatgen,5/18/26,0.011790565562333013,0.052825655029309124,0.018814093607137768,0.04011983534506291,0.8764498504561572,0.14271629689248688,0.13171520018086014,0.12032262088893406,0.1615979876447009,0.443647894393018
Debre Berhan town,5/18/26,0.0005733638877016097,0.02650185732076769,0.03573473091806341,0.007860494382199924,0.9293295534912672,9.999999999999998e-05,0.004629395520298951,0.03177786742892589,0.09097357557568886,0.8725191614750862
Debre Elias,5/18/26,0.24459462242179347,0.39884454216139836,0.17096654493332483,0.11208459960877412,0.07350969087470918,0.25035730978036785,0.2110996489966626,0.1654581199482657,0.14818997273698767,0.2248949485377162
Debre Libanos,5/18/26,0.021023107043484215,0.08248830783296457,0.03406660093462905,0.0670307293860563,0.7953912548028661,0.03385431767716577,0.021364413759113122,0.04749085973340674,0.13760482615895156,0.7596855826713628
Debre Markos town,5/18/26,0.016743842580997582,0.1556951598923872,0.12336138837605291,0.1678898710005915,0.5363097381499707,0.17479369201427153,0.16671263744250553,0.16739335979694706,0.19136832732938683,0.2997319834168891
Debre Sina town,5/18/26,0.0007715546776201785,0.02409376477728756,0.07379846025309754,0.004856397354421932,0.896479822937573,0.00011626999784657193,0.004656171647439576,0.029922293651499208,0.08108163224703502,0.8842236324561796
Debre Tabor town,5/18/26,0.006080357187831614,0.017953942465679107,0.012402145319522833,0.020954863169694922,0.9426086918572713,0.12922784301079726,0.14099534629333832,0.16456576704143588,0.2077363695894616,0.3574746740649669
Debrework town,5/18/26,0.13363413333435767,0.3099591557030288,0.08301232848500092,0.06870034109961723,0.4046940413779955,0.0673314615628187,0.08235450909898037,0.09359812368766673,0.13122566389814963,0.6254902417523845
Dega Damot,5/18/26,0.11230534998555647,0.19776256619937804,0.06386694620782549,0.05323280967836668,0.5728323279288732,0.2856656837548881,0.2175560161774636,0.13664017275794837,0.1277810897213359,0.23235703758836412
Degeluna Tijo,5/18/26,0.37478991725598315,0.476874175034697,0.07805675290235706,0.029930595717392042,0.040348559089570815,0.09103280722244929,0.10189217992522674,0.10561995272180862,0.10477843177815474,0.5966766283523606
Degem,5/18/26,0.0158807537001095,0.0701104316251508,0.03700063089557356,0.10460338186073005,0.7724048019184361,0.04453346138564709,0.056049674709317106,0.11615789499892146,0.2083318753518526,0.5749270935542617
Degolo town,5/18/26,0.0003200693027873815,0.04111020007488123,0.021254965490968884,0.00623057505867222,0.9310841900726904,9.999999999999998e-05,0.0017190418302168759,0.017005807657324963,0.03907688001552797,0.9420982704969302
Dehana,5/18/26,3.90511797780534e-05,0.0036577937152527016,0.013918950223325392,0.0007550128548689598,0.9816291920267749,9.999999999999998e-05,0.0008881530434791451,0.009928329717930348,0.034940003633097454,0.9541435136054931
Dejen,5/18/26,0.079639155270754,0.2318608295420861,0.08036345730035502,0.1048979040411743,0.5032386538456305,0.12158561643708897,0.12507263754568643,0.12799992988673578,0.15683082415348704,0.46851099197700175
Dejen town,5/18/26,0.1161275893648845,0.2947370769879506,0.08909721105071197,0.09438192259164781,0.40565620000480507,0.11864116777458451,0.12937011022449285,0.12934934769806664,0.14577923388034003,0.4768601404225159
Delanta,5/18/26,0.00012737837372950534,0.01732828594933351,0.015895080693638663,0.002180583118363391,0.9644686718649348,9.999999999999998e-05,0.0013473783739415485,0.012036586156560586,0.03545593432169987,0.951060101147798
Dembecha,5/18/26,0.19110293924286775,0.35653127897472775,0.19154967247736507,0.15299898459776648,0.10781712470727293,0.29768581534210536,0.19730064426180557,0.16875181890355426,0.17732598997474908,0.15893573151778573
Denbecha town,5/18/26,0.04597194138894259,0.2178042260392879,0.18538227356614764,0.1887274540578875,0.3621141049477344,0.25463821638105344,0.17906572575146673,0.15073244904614608,0.17269983030980215,0.24286377851153151
Dendi,5/18/26,0.18658453614694553,0.46603181157418977,0.140407957095335,0.12689569566498743,0.08007999951854225,0.16038377032190435,0.16790619047029273,0.15231567196949847,0.17907966948321952,0.34031469775508494
Dera (AM),5/18/26,0.2895700870293718,0.3014579314525994,0.13380756181198605,0.13234054187402033,0.1428238778320224,0.13285762650591376,0.1379173065260302,0.16055506755674143,0.22203088802632925,0.3466391113849854
Dera (OR),5/18/26,0.01208004846185796,0.08872512320219444,0.02185509139750377,0.07106483863749227,0.8062748983009514,0.047436688950205495,0.0428025777418655,0.06231497618578201,0.12974287122854317,0.7177028858936039
Dera town,5/18/26,0.10501002615866854,0.3600585315600597,0.09964076081341759,0.04190960895373019,0.39338107251412396,0.03757113777038664,0.0503290157611632,0.06841774863825355,0.09018630786638793,0.7534957899638086
Dessie Zuria,5/18/26,0.0002765201193846263,0.015547551259647758,0.015081078390926692,0.004082309887151947,0.9650125403428891,9.999999999999998e-05,0.0030869207721709764,0.020256606636020177,0.06589525806437689,0.910661214527432
Dessie town,5/18/26,0.0005705674029626282,0.017626137552183906,0.024234952711296498,0.006376423750739012,0.9511919185828178,0.00018289300751581617,0.004116349204349463,0.02649331071814766,0.0832819887292825,0.8859254583407046
Diksis,5/18/26,0.4961085080476391,0.40063374756043785,0.07650455631621501,0.013713341139765814,0.013039846935942194,0.09069098907626255,0.09485132672253514,0.09521618680205034,0.10062976225434582,0.6186117351448062
Dinsho,5/18/26,0.3799926391405945,0.5175794070221452,0.0795095170036665,0.005863700681132177,0.017054736152461513,0.07114315942650516,0.07360466466422948,0.06929784149928893,0.06546687639001511,0.7204874580199613
Doba,5/18/26,0.213490949977175,0.42419644958205666,0.22352102033666155,0.004329431861567273,0.13446214824253944,0.029775847135451044,0.03497117095524122,0.04083284685558745,0.05043183130833546,0.8439883037453848
Dodola,5/18/26,0.5829679633179458,0.33676565976049394,0.04663111427179405,0.022656467750915326,0.010978794898850808,0.1518909796757146,0.14698967525066733,0.12982814248883057,0.11618107141530042,0.45511013116948706
Dodola town,5/18/26,0.3386339984048309,0.5025330866085492,0.0965602771340763,0.027293762592204358,0.03497887526033916,0.05955528734361181,0.07890539739158679,0.09367958795260475,0.10985129278001153,0.658008434532185
Dodota,5/18/26,0.06380132761779349,0.29589581253449687,0.0824447135902055,0.03490307963444097,0.5229550666230631,0.031167409765457205,0.038624170046617654,0.05329229674555005,0.07804379606913124,0.7988723273732439
Dugda,5/18/26,0.016130094855960914,0.1320281373374681,0.03997169325888447,0.05841936008535632,0.7534507144623304,0.024784700716036123,0.018065089346705948,0.03178766844214874,0.07744255000572811,0.8479199914893811
East Belesa,5/18/26,0.15732567666498726,0.2991188862606589,0.14398251821832417,0.02973253421373493,0.36984038464229463,0.03281764477268775,0.038063862202842455,0.055744955202414466,0.09068064980670633,0.782692888015349
East Dembia,5/18/26,0.5276488548246926,0.2507294851024225,0.10703705068634058,0.09129140059143238,0.02329320879511182,0.09744742000531548,0.11855524271863094,0.1653250051693369,0.24431372750602054,0.37435860460069614
East Esite,5/18/26,0.0034393489197897292,0.017311016763630404,0.010429443778433361,0.0256531318716605,0.9431670586664861,0.09769425051233785,0.10998992733099262,0.14495797682104963,0.20313544558786686,0.444222399747753
Ebenat,5/18/26,0.07673330931933678,0.1678505361870772,0.0636621092687668,0.052229993853911624,0.6395240513709075,0.03663243741576256,0.04686202527605161,0.07235809284035065,0.1290327093265678,0.7151147351412674
Ebenat town,5/18/26,0.03737236020437256,0.07103409018002907,0.041880772963091,0.06395041606151815,0.7857623605909893,0.06325869482154962,0.09375668428546492,0.14113610256466472,0.2144052977089046,0.48744322061941614
Eferatana Gidem,5/18/26,0.000116838401340201,0.00922014686298256,0.024153890731600625,0.0006193949868629298,0.9658897290172138,9.999999999999998e-05,0.0018608082918114724,0.012416795434096297,0.032175727935927115,0.9534466683381652
Ejere /Addis Alem,5/18/26,0.13310584052280544,0.3754926953610485,0.15216936393579295,0.1966308939456076,0.14260120623474554,0.13367229575502698,0.15496588718740778,0.17859743423323768,0.21849156334077177,0.3142728194835558
Ejersa Lafo,5/18/26,0.114318335885055,0.3908339284514223,0.1545082024812562,0.1795171978991874,0.1608223352830791,0.13747751099231761,0.1420409676304309,0.14715306754409807,0.194813765565124,0.3785146882680295
Eka Tafo,5/18/26,0.16716927866475728,0.3366677912307338,0.10813779496737799,0.12706655470734843,0.26095858042978254,0.09768865216909207,0.08960025527570052,0.1029415684723071,0.1701021885379263,0.5396673355449739
Enarj Enawga,5/18/26,0.1284948489534943,0.2808462040356378,0.071730803486289,0.06507848100619258,0.45384966251838615,0.1107792769517859,0.12661854516861906,0.1107339804405216,0.13572067460235734,0.516147522836716
Enebse Sarmder,5/18/26,0.169104110941707,0.32233624726689813,0.0833644438623519,0.069303777992655,0.3558914199363879,0.07959091392939109,0.10118916221142445,0.11216968399800518,0.1382339727196124,0.5688162671415669
Enemay,5/18/26,0.15366062531141544,0.31021853286282985,0.07723895856456979,0.07225135016667,0.3866305330945149,0.11241280904754553,0.11375740713409527,0.10494080993374501,0.13715009282109716,0.5317388810635171
Enewari town,5/18/26,0.006964777878220657,0.045375342064123796,0.019659299800980197,0.024585087650590743,0.9034154926060846,0.01939189301852609,0.012416679238810568,0.02514820074958454,0.09291859047400304,0.8501246365190758
Ensaro,5/18/26,0.01762360231400206,0.08378325864227862,0.02807037305368492,0.04837491217680451,0.8221478538132299,0.033094943277747715,0.020247602270540815,0.037992720669604754,0.11260504183656352,0.7960596919455432
Farta,5/18/26,0.0028894125901548443,0.010061596333136712,0.007442048922779096,0.013927237650223008,0.9656797045037063,0.129437176280946,0.14180843059155002,0.1673130812585396,0.20962445054406278,0.35181686132490164
Fentale,5/18/26,0.06422981486287227,0.22548006135540338,0.13077862882846916,0.006471378354518929,0.5730401165987362,0.02561310516874991,0.028495440346126166,0.03302102788314409,0.05124826999580764,0.8616221566061721
Fiche town,5/18/26,0.058059868951858,0.1552978911857589,0.057379386125180704,0.09159441159577981,0.6376684421414225,0.056011616512519104,0.047656430461918926,0.08017837540171581,0.15262315696565096,0.6635304206581952
Filakit town,5/18/26,0.010564097497931387,0.23061946849376647,0.011360345052308828,0.020067169474535684,0.7273889194814578,0.005170477150153916,0.020895374031590298,0.03171213597380556,0.05360889184684107,0.8886131209976091
Finote Selam town,5/18/26,0.1686043315906048,0.35276797320557896,0.20082094973492548,0.15323087780847347,0.12457586766041734,0.33443339932671995,0.2137846296523638,0.22514248798435307,0.1650727838434901,0.061566699193073005
Fogera,5/18/26,0.2968974798983955,0.2938063313137627,0.1333736975544589,0.12346300539229654,0.15245948584108643,0.09086993122902251,0.11997559483080222,0.16301789866470204,0.21452523083879718,0.411611344436676
Furi,5/18/26,0.1626280316243931,0.41257762389742003,0.12432851258974995,0.11802538174850596,0.18244045013993093,0.11888237089171806,0.10907093782105377,0.1091039551185648,0.14898543481116566,0.5139573013574977
Galan,5/18/26,0.06837577419849701,0.33744032777769994,0.1071788723626815,0.09481120260449029,0.3921938230566313,0.09905774461372521,0.10387852654536171,0.09454947818239823,0.10764634841350523,0.5948679022450096
Galan Gudo,5/18/26,0.09949145242767742,0.3623849526871556,0.11935619175254937,0.11144372412611167,0.3073236790065061,0.10497681967051939,0.11091589644017094,0.10613434218214565,0.13275163058041822,0.5452213111267459
Garba Guracha,5/18/26,0.014304706161141736,0.06947359081108091,0.03278595136272296,0.07773984039600637,0.8056959112690479,0.07098554083255787,0.08622258778438198,0.12424604176000678,0.18839299720587177,0.5301528324171816
Gasera,5/18/26,0.3040073423392454,0.5166404239579757,0.1392818930647606,0.00544429126037181,0.03462604937764648,0.05787856819739638,0.05817847932216507,0.05633504786280576,0.05440226164685087,0.7732056429707819
Gashena town,5/18/26,0.0004819204387407457,0.03165505611264751,0.024447302490505373,0.007073728830405633,0.9363419921277009,0.00011614735361486958,0.0042941162755966945,0.026273567274538844,0.07158559353304428,0.8977305755632053
Gaz Gibla,5/18/26,2.493526661289633e-06,0.0005567827645935418,0.006369612592342937,0.0002430707760260151,0.9928280403403762,9.999999999999998e-05,0.00013330366045424027,0.004825418726978149,0.02120382157335735,0.9737374560392102
Gazo,5/18/26,0.00011116237010756636,0.009225869284188185,0.01617507288148327,0.008304282684388401,0.9661836127798327,9.999999999999998e-05,0.0008417804186745206,0.016097274204795783,0.07011313304180172,0.912847812334728
Gedeb Asasa,5/18/26,0.5769961938310117,0.3434710689781604,0.05742522333976418,0.01513722369151978,0.00697029015954386,0.10649178435004326,0.11419267440216219,0.11230235608293203,0.11184926721314786,0.5551639179517147
Gefersa Guje,5/18/26,0.1102436433175655,0.4157018676642409,0.1509024046155351,0.1522146089799202,0.17093747542273818,0.11907659559884641,0.1469694470821398,0.15815025842530364,0.1635032584148488,0.4123004404788614
Gemechis,5/18/26,0.5088539545047762,0.39637415136868914,0.07985263607258797,0.004161707596815773,0.010757550457130923,0.06945162934205515,0.06886154344988304,0.06726612336034589,0.0700329251295138,0.724387778718202
Gerar Jarso,5/18/26,0.03416600968725586,0.11212294140796869,0.04643594111835631,0.1001633864759846,0.7071117213104345,0.045214056433269686,0.03867026744843404,0.07905859166483135,0.16559528288107428,0.6714618015723907
Gidan,5/18/26,5.065432637256967e-05,0.006399611305244251,0.013746250516177824,0.0006784111649737519,0.9791250726872316,9.999999999999998e-05,0.0012994686208394014,0.01014782089077915,0.02758186936592014,0.9608708411224613
Gimbichu,5/18/26,0.04483995887672107,0.1752556307974925,0.08951181652785517,0.09282446659228898,0.5975681272056423,0.03147786777187164,0.02568409814665385,0.05740855475496878,0.14267521775523348,0.7427542615712722
Gimeba town,5/18/26,0.00018867045172557597,0.014576561146680501,0.014882627759688924,0.00246937730135654,0.9678827633405485,9.999999999999998e-05,0.002319657772571729,0.015398074206406718,0.046181867876731446,0.9360004001442901
Ginde Beret,5/18/26,0.08381092318509294,0.2614662832169737,0.16795073489815085,0.1439227573571409,0.34284930134264163,0.25450196738133607,0.2488762723497086,0.2464454613721827,0.18386783918212615,0.0663084597146465
Ginir town,5/18/26,0.13047968085355652,0.3906298683275996,0.24780251673822803,0.002146919955669014,0.2289410141249469,0.034838047139835134,0.03470518128022881,0.03319134626644797,0.03076715319119159,0.8664982721222965
Gishe Rabel,5/18/26,0.0001928462103820287,0.02036760818343152,0.017204282952962127,0.0025825551299494625,0.959652707523275,9.999999999999998e-05,0.0012320601841363974,0.011824662396313811,0.03402990228913129,0.9528133751304185
Goba (OR),5/18/26,0.46321403205091777,0.43089820806619245,0.0638245088391239,0.005161704165102928,0.036901546878663045,0.049572683625790766,0.05208546454037207,0.053144872659904405,0.05341494167304046,0.7917820375008924
Goba Koricha,5/18/26,0.17489867399975098,0.36967997293325716,0.23170938109612527,0.005001788829904543,0.21871018314096213,0.030028076183526167,0.03574394370651242,0.0396115678249882,0.04916941060242023,0.845447001682553
Goba town,5/18/26,0.1800639857062424,0.5423595353300757,0.17899384290890138,0.003169074831991646,0.09541356122278877,0.0313679979532798,0.03348239551193778,0.036009934530830616,0.04080644398190523,0.8583332280220466
Golocha,5/18/26,0.38024404395187567,0.46072116825464254,0.10487603955304825,0.014027291042288122,0.04013145719814535,0.08576277380703501,0.0800972363716328,0.07120217303405023,0.07462448892346785,0.688313327863814
Gololcha Bale,5/18/26,0.002149460584317559,0.03638677349679281,0.06898578456823956,0.00011765407607739632,0.8923603272745726,0.011528334794641484,0.01278033675753527,0.014057143989038724,0.015438180116204772,0.9461960043425798
Goncha Siso Enebse,5/18/26,0.13666841327581733,0.2800163936208079,0.07880017508950034,0.07534620440149495,0.4291688136123796,0.10506657924085815,0.1183995458104543,0.11742307624108081,0.14286689642708997,0.5162439022805168
Gondar town,5/18/26,0.5545095518458497,0.2790961339938688,0.0769417982960169,0.061395263427324064,0.02805725243694069,0.1547200426874217,0.17776307000745062,0.18076878049099285,0.20815965889782295,0.2785884479163119
Gonder Zuria,5/18/26,0.5030163341720806,0.3392843957489882,0.07972358490231352,0.05159100218803088,0.026384682988586757,0.14071403342288177,0.16784083267091696,0.17195341539269304,0.17046902683125717,0.3490226916822511
Goro (Bale),5/18/26,0.09729130665588437,0.3198025837123988,0.18089330442813845,0.0013730883589210391,0.40063971684465727,0.02772795230102047,0.02756264802884339,0.02605642421382052,0.023678452331678975,0.8949745231246367
Goro (SW Shewa),5/18/26,0.23008623278007656,0.41208630602444946,0.17066183564139567,0.13860765422419433,0.04855797132988404,0.2102264116138244,0.22369181579828795,0.20491719506105613,0.1624749628613242,0.19868961466550727
Guba Lafto,5/18/26,9.540321489943579e-05,0.008935318339164671,0.0158624383991471,0.0011459968609584344,0.9739608431858302,9.999999999999998e-05,0.0017642037203560253,0.012837145940741458,0.036539584868715815,0.9487590654701867
Gumbi Bordede,5/18/26,0.007810281117675436,0.039946924106852494,0.10032668662150326,0.0012748592902110053,0.8506412488637578,0.011352644497255943,0.012531203654950201,0.0204373202205002,0.04267420057058381,0.9130046310567098
Guna,5/18/26,0.30889668225912653,0.4466428670886698,0.1271257487386423,0.028792569355998106,0.08854213255756316,0.07465880727028032,0.0741016306891789,0.07474285697305498,0.09005479940075589,0.6864419056667299
Guna Begemider,5/18/26,0.004247471293225195,0.018479202400885162,0.005133086373186211,0.013874248740965264,0.958265991191738,0.06164386709903925,0.08188692044403541,0.09849986508963711,0.14682909739613909,0.6111402499711491
Gundwoin town,5/18/26,0.20366276549523932,0.36533254256284414,0.07787365054749124,0.05169922302528852,0.30143181836913696,0.19355176992772838,0.17092551151074142,0.11556075452454574,0.10910394239980048,0.410858021637184
Gura Damole,5/18/26,0.002691602206576381,0.03628679040372015,0.04331450843005013,5.6971633131637104e-05,0.9176501273265218,0.013946055946712263,0.013529985704182379,0.012251390030276822,0.010367643270424167,0.9499049250484044
Guzamn,5/18/26,0.03629239307044329,0.17516373425010215,0.12949223602667137,0.13610590265257877,0.5229457340002043,0.24671729760979774,0.20434442847637432,0.16922423805789752,0.17013693368469365,0.20957710217123682
Habro,5/18/26,0.4780560332596549,0.38913565491790475,0.10332381451579087,0.006007591057609041,0.02347690624904046,0.06959101864930889,0.06820502806679363,0.06460325286043336,0.07197539630974119,0.725625304113723
Habru,5/18/26,0.0025148757450901673,0.018227904724198864,0.019916928853254714,0.002314034913757555,0.9570262557636987,0.013276061592868293,0.007901489776651824,0.01565570534181234,0.050770067435054175,0.9123966758536134
Hagere Mariam,5/18/26,0.20179355021934112,0.3311806970853415,0.15424564615598096,0.11771294176085718,0.19506716477847924,0.028396477678778374,0.05101349973608059,0.09984509294984918,0.17915774395848794,0.641587185676804
Hamusit town,5/18/26,0.5455628222128712,0.2797104345217056,0.09232483956355643,0.06262118473991447,0.0197807189619524,0.1086959703614957,0.12586578893839923,0.15372502520976966,0.20830914356774463,0.40340407192259076
Hara town,5/18/26,0.0006640404982107908,0.008066579888313876,0.00716783387079871,0.00048426795747752926,0.9836172777851991,0.01319896557474052,0.006562986885357488,0.008843518393526513,0.03294509265685878,0.9384494364895167
Harbu town,5/18/26,0.0002737792507078816,0.035621531858471986,0.023904682669389644,0.002694447368294432,0.9375055588531361,9.999999999999998e-05,0.0008787487276295013,0.010945977279419043,0.023143344363285946,0.9649319296296655
Harena Buluk,5/18/26,0.8108474684720304,0.15856912866288211,0.014614468129905335,0.0016741725648607086,0.014294762170321577,0.05294119507772866,0.0552275403236675,0.05569916772331826,0.05459749103423322,0.7815346058410524
Heban Arsi,5/18/26,0.009481773774470093,0.06476621813185877,0.04907489625359871,0.08876110890416568,0.7879160029359068,0.09692673953644686,0.10187678202529188,0.09897919448061529,0.09090587668154063,0.6113114072761053
Hidabu Abote,5/18/26,0.02099398555085277,0.08740335724166438,0.033912894396931736,0.07455675986258094,0.7831330029479702,0.057773296336471866,0.06378062836468675,0.09830438207415935,0.16252684340547943,0.6176148498192026
Hike town,5/18/26,0.00031015365076052313,0.011774890677167747,0.024132761869992168,0.00443177888229371,0.959350414919786,9.999999999999998e-05,0.00299990402475026,0.0238004329203502,0.07869504822036215,0.8944046148345374
Hitosa,5/18/26,0.25023431149941433,0.4824155891482497,0.10775191306534912,0.033129683084780794,0.12646850320220612,0.07649291466382648,0.08250533533420062,0.08460978479278826,0.09172482125785338,0.6646671439513313
Holeta town,5/18/26,0.09325871661947936,0.41725493898516475,0.1569194812814763,0.14237246110663182,0.1901944020072476,0.1313383128652138,0.15932159151012815,0.15506449904921255,0.14872874573349681,0.40554685084194864
Hulet Ej Enese,5/18/26,0.11187959945162695,0.2430465651595941,0.0735976389482702,0.07191951702540933,0.49955667941509935,0.15418419970818742,0.13958341657304515,0.11507371540313742,0.135228650352671,0.45593001796295896
Ifata,5/18/26,0.07411787938245269,0.3422873198877981,0.21189538100755737,0.1981830332069973,0.17351638651519455,0.19687605578349704,0.2312947673026362,0.24092953748990362,0.21698939682027107,0.11391024260369209
Illu Galan,5/18/26,0.29132568066635345,0.330061034702717,0.19073417924733135,0.1481655306356472,0.03971357474795096,0.3737319102333733,0.2615567001676809,0.191394809460063,0.1207031145700599,0.05261346556882285
Ilu,5/18/26,0.09636157425975526,0.3677888353472276,0.1527398923845222,0.14913201884197527,0.23397767916651965,0.14661079309923686,0.16070584609940716,0.15005394322626608,0.17165696183075527,0.3709724557443346
Inkolo Wabe,5/18/26,0.5903461556629026,0.34067206660129434,0.0507651857244272,0.01341460165361497,0.004801990357760886,0.10586494736618823,0.11736156022081266,0.11544478034701111,0.1138996200588893,0.5474290920070987
Jabi Tehnan,5/18/26,0.2296857831444555,0.3674183992053508,0.1720816838820037,0.12933027801572425,0.10148385575246571,0.33792391126092663,0.21214206568142516,0.19379534711833316,0.15756790726013697,0.09857076867917813
Jama,5/18/26,0.0001496267988308931,0.025057384463297413,0.010006885579865375,0.01669388000437707,0.9480922231536293,9.999999999999998e-05,0.0005189992507965601,0.011210660626472536,0.04538920762442563,0.9427811324983053
Janamora,5/18/26,0.004177502969325086,0.036063917253309936,0.0058310317857630965,0.020028053401368377,0.9338994945902335,0.06286254869479432,0.06851533850593193,0.08343519237335238,0.11223770805562676,0.6729492123702946
Jeju,5/18/26,0.0865526677375116,0.351695543559321,0.15870816827178835,0.02596784743214289,0.37707577299923617,0.020598804067860084,0.03060634643995688,0.04924058375314504,0.07488035740709761,0.8246739083319403
Jeldu,5/18/26,0.05834224855514183,0.28821459645507325,0.18670275281119791,0.20977490316315303,0.25696549901543386,0.18171622582960603,0.2019578495587615,0.23549204055896286,0.22324217567995536,0.1575917083727143
Jibat,5/18/26,0.22144780022201788,0.34973483446688447,0.19371213351705338,0.18461268439309944,0.05049254740094473,0.3483784652951342,0.24605218536511778,0.20933505022490986,0.14590045949434743,0.05033383962049065
Jida,5/18/26,0.03369731151477861,0.15244622110743317,0.07014431457779027,0.13294781953922657,0.6107643332607714,0.017458847682571204,0.023800276059452417,0.07704061046353937,0.17627404622542872,0.7054262195690083
Jiga town,5/18/26,0.1673837648800791,0.3256244746306741,0.17049949417150784,0.13734675265275176,0.1991455136649871,0.33870809914457606,0.2102550168903713,0.20194599902383972,0.15590948950675743,0.09318139543445558
Kalu,5/18/26,0.008677265499404181,0.07430434068284714,0.03594577712977347,0.004973210778429982,0.8760994059095453,0.011881348255661983,0.008431018071349496,0.018381442860198455,0.04005998642094538,0.9212462043918447
Kelala town,5/18/26,0.006448134814227484,0.08204829189443628,0.01545514521824913,0.012425694022609674,0.8836227340504774,0.018444622886661717,0.010544070144116603,0.015797777788739278,0.04406186679989181,0.9111516623805906
Kelela,5/18/26,0.007189071562790598,0.09476929543121371,0.014590328320447009,0.01884821071985142,0.8646030939656972,0.018351676561775335,0.010634470563521396,0.016152720250942408,0.04741612544455517,0.9074450071792057
Kersana Malima,5/18/26,0.12380475544554945,0.3796531222694493,0.12046402166586939,0.11014543935923923,0.26593266125989257,0.13815677690183234,0.14039092707934997,0.13370041478685854,0.13870386371408736,0.4490480175178717
Kewet,5/18/26,0.00015529482324695926,0.005618527672821627,0.04158101392268954,0.0007087334082373214,0.9519364301730046,0.00013519618827020932,0.003161957298311833,0.018176601276458,0.05364563757330126,0.9248806076636586
Kimbibit,5/18/26,0.031291550032481075,0.1438675275607512,0.06740830295541504,0.09323096371158149,0.664201655739771,0.01689579856052591,0.019595956493599638,0.06151899133338753,0.1506939188115953,0.7512953348008916
Kinfaz Begela,5/18/26,0.18231956238197122,0.3217312456719164,0.1473817498457942,0.03906641423846612,0.3095010278618521,0.0379633970216919,0.042820828887694874,0.062302483554711366,0.102169102689065,0.7547441878468368
Kobo town,5/18/26,1.2255303028275265e-11,3.961775842619801e-07,2.067724544747953e-06,9.4225357309127e-12,0.9999975360761932,9.999999999999998e-05,9.999999999999998e-05,9.999999999999998e-05,0.0001274710607143487,0.9995725289392856
Kofele,5/18/26,0.4938091476337696,0.4021960832514168,0.07356630974530637,0.017320906417586483,0.013107552951920703,0.11172022447575052,0.11257120850747661,0.10282504656854456,0.08815764108989725,0.584725879358331
Kofele town,5/18/26,0.39110734697921823,0.438341876912492,0.11004643760384648,0.02578852929502753,0.03471580920941571,0.09006717897706124,0.09144252368696881,0.08798871596434704,0.08248621267231748,0.6480153686993054
Kokosa,5/18/26,0.6307512075788904,0.29657599555062775,0.04797192118355903,0.01884922240821756,0.005851653278705426,0.15315535027947055,0.1499071648702974,0.1323159874754163,0.11105278880085917,0.4535687085739566
Kolla Debba town,5/18/26,0.577263707418873,0.2909946724480347,0.07547841935036083,0.04491668121392467,0.011346519568806683,0.13037842569399902,0.1564458263426299,0.17625687215876096,0.18486740065142704,0.35205147515318314
Kombolcha town,5/18/26,0.00022557202168799008,0.014133884150381982,0.017359969481731314,0.0029967608078150004,0.9652838135383836,9.999999999999998e-05,0.0018922691819935626,0.0159671047624662,0.050748106139261145,0.9312925199162791
Kore,5/18/26,0.5187481250846181,0.3439406794256593,0.07508202686800108,0.04561025091367154,0.01661891770805011,0.15967140028014024,0.16767133467724638,0.16043345387336772,0.14454142533961992,0.36768238582962576
Koye,5/18/26,0.11465366926958294,0.31410335582053917,0.1030054784802208,0.11363322038400506,0.3546042760456519,0.08173437567011357,0.07901118170964518,0.09121223725077908,0.15104812026341427,0.5969940851060479
Kuni /Oda Bultum,5/18/26,0.41692532071409244,0.44948466185949987,0.10746984078359346,0.004159384973265079,0.021960791669549222,0.06072782680467923,0.060638358603316594,0.058826712339595855,0.05955436483151245,0.7602527374208958
Kura Jida,5/18/26,0.1175630900870645,0.25175571720593715,0.09537108945293121,0.1394355542256151,0.39587454902845215,0.0700243450548191,0.06187887594309626,0.09011100126926692,0.18457489517177145,0.5934108825610462
Kutaber,5/18/26,0.0053113353604562034,0.043866254774435745,0.019300014965624338,0.006149271039156954,0.9253731238603269,0.014713570920671933,0.007572856838283166,0.016630317759789744,0.049109201448110665,0.9119740530331445
Kuyu,5/18/26,0.035917735422301346,0.12024704051667903,0.058704583051717045,0.10216977075952115,0.6829608702497815,0.1336408878771006,0.13318140199506767,0.14552010881093866,0.18847468116187402,0.399182920155019
Lalibela town,5/18/26,0.00013808616429792327,0.008056701116932505,0.02037443508458975,0.004372095777051345,0.9670586818571285,9.999999999999998e-05,0.0015635927585286764,0.018962641321101453,0.0654297291382961,0.9139440367820738
Lasta,5/18/26,0.00015017226306039425,0.00899670946250844,0.021906099364575958,0.0026038255306734376,0.966343193379182,9.999999999999998e-05,0.002266844389840714,0.01879909618368912,0.05750573080941809,0.921328328617052
Lay Armacho,5/18/26,0.6496520617182786,0.23127344769242109,0.06026457439827636,0.04956632596763275,0.009243590223391244,0.16302244284809198,0.18041443721596256,0.20009706001049585,0.23050014244617725,0.22596591747927242
Lay Gayint,5/18/26,0.021686531681051526,0.08471849928344845,0.01300111403667236,0.021827225727216387,0.8587666292716115,0.05872025296478855,0.07439243035888078,0.07082401179513619,0.10472901447217524,0.6913342904090192
Legambo,5/18/26,0.0002484294739787567,0.029610210484791347,0.012499096568427542,0.00510628899973571,0.9525359744730665,9.999999999999998e-05,0.0024895382185005136,0.01525480568461515,0.04138330940387333,0.940772346693011
Legehida,5/18/26,0.00017459391876507323,0.0231243304934443,0.011378250435248297,0.0036021214140647215,0.9617207037384777,9.999999999999998e-05,0.0014485961616281609,0.01240590948946443,0.035931416281847484,0.9501140780670599
Liban Jawi,5/18/26,0.21463368791675902,0.37334162538497495,0.17135226844756388,0.17458499364355712,0.06608742460714516,0.27890650553546836,0.20836812515769454,0.21901996829306436,0.1927793906003385,0.10092601041343419
Liben Chukala,5/18/26,0.026274719188898753,0.13886070765039993,0.040442900382668054,0.05339066128223073,0.7410310114958024,0.0531376703651976,0.039592822572249546,0.04448254815475645,0.10317860833397775,0.7596083505738187
Libokemekem,5/18/26,0.23546720166632165,0.24158242612631659,0.11476407498161473,0.12025995842513777,0.2879263388006093,0.09735720946463512,0.1102938673836582,0.13622024700055893,0.21197911453463583,0.444149561616512
Limu Bilbilo,5/18/26,0.5145522971967496,0.3980809839397134,0.06500357210696836,0.010689185831834867,0.011673960924733606,0.08626435665332417,0.09091009271579524,0.08966824278402341,0.09251431341786472,0.6406429944289924
Lome (OR),5/18/26,0.028313967531320972,0.1629301001547028,0.04258051552422298,0.028159716550943775,0.7380157002388096,0.03437576384905951,0.0365088233839115,0.03939925784943101,0.0812412412548148,0.8084749136627831
Lude Hitosa,5/18/26,0.4523735435685564,0.4090130967818604,0.0836328997792617,0.025291905759245465,0.029688554111075977,0.09280213027677996,0.09936283154697918,0.10397612537222932,0.11596413141127765,0.5878947813927339
Lumame town,5/18/26,0.0519023391593551,0.2139266158330883,0.0744321300142419,0.10586510435281095,0.5538738106405038,0.14330333673331733,0.14221948776352245,0.14042199050572846,0.15268383792966903,0.4213713470677628
Mana Abichu,5/18/26,0.18750652717373925,0.403960008414184,0.11481960080445414,0.11307179747260698,0.1806420661350156,0.1109602400893806,0.11165523278153469,0.11703848152544248,0.15387833030929898,0.5064677152943433
Masero Denb /Central Armacho,5/18/26,0.828258523537037,0.11997341973266588,0.02668951272242615,0.024992518296516147,8.602571135482683e-05,0.07675355028234054,0.11902034181798524,0.24303495922274088,0.27947003347670235,0.281721115200231
Mehal Meda town,5/18/26,0.0003787824812026132,0.026076698930808925,0.013381773305853733,0.012138728061470979,0.9480240172206638,9.999999999999998e-05,0.00258914965920144,0.02301103580011653,0.08857777889197445,0.8857220356487076
Mehal Sayint,5/18/26,0.0003066856723684518,0.026008253726632093,0.015142842420534373,0.023092650040171695,0.9354495681402935,9.999999999999998e-05,0.0036310968806678883,0.03453504738984829,0.10320521718731164,0.8585286385421722
Mekan Eyesuse,5/18/26,0.0013170692717415946,0.006333102105974291,0.005883041385500199,0.013331054247501037,0.9731357329892828,0.10975521625567278,0.11977216076034101,0.16946797000239122,0.22789191731922948,0.3731127356623656
Mekane Selam town,5/18/26,0.004935486813374512,0.09631640678527799,0.022554855900922485,0.10447730021825823,0.7717159502821669,0.01954688758764883,0.023892133633254608,0.050262778882562566,0.10438515402596205,0.8019130458705719
Mekdela,5/18/26,0.019788512978897888,0.1939901851218359,0.024221552469395526,0.011325107846317541,0.7506746415835532,0.01805455511207434,0.020248206314375242,0.024061199692431607,0.04505809442754374,0.8925779444535751
Meket,5/18/26,0.025868046678658125,0.17962646921888492,0.017945243030390506,0.020751939284957666,0.7558083017871087,0.023784242011083766,0.029253156746620046,0.033796474363940725,0.06657099421534791,0.8465951326630076
Melka Nonno,5/18/26,0.15734978103139707,0.43977619563735876,0.12957645591465924,0.1138047964090162,0.15949277100756865,0.13016649099046637,0.13012485949446426,0.12105146465320674,0.14250036822458073,0.4761568166372818
Mena (Bale),5/18/26,0.07424654231746676,0.22780176650742032,0.12490075106825171,0.0007343724009833372,0.572316567705878,0.020005998327410696,0.020688501843580325,0.020945726030369018,0.021067978811386508,0.9172917949872534
Mena Meketewa,5/18/26,0.07052451794568224,0.15595284875061685,0.0470132633911347,0.04421013675858657,0.6822992331539794,0.0450829073986089,0.06124226366925912,0.08173704882372819,0.12852740706999885,0.6834103730384049
Menze Gera Midir,5/18/26,0.0003551726454775515,0.03808347300164612,0.01318316174966789,0.007406813173096226,0.9409713794301123,9.999999999999998e-05,0.0015824602702160548,0.013786977508608538,0.04666423622352658,0.9378663259976489
Menze Keya Gabriel,5/18/26,0.00034228380827953567,0.03781061419500032,0.011547515913786591,0.02393857464313614,0.9263610114397975,9.999999999999998e-05,0.002781250876673276,0.026984758921056465,0.08127583960609068,0.8888581505961796
Menze Lalo Midir,5/18/26,0.00039397583212703505,0.027063074944762056,0.015806648040106095,0.011312326397672694,0.9454239747853321,9.999999999999998e-05,0.0040653428151380755,0.028466146211026513,0.08850056860476123,0.8788679423690742
Menze Mama Midir,5/18/26,0.000213064347399261,0.01113240911566471,0.019349327197225017,0.005485836719043756,0.9638193626206675,9.999999999999998e-05,0.002405648342787854,0.021750637930601516,0.08584524532925006,0.8898984683973605
Merhabete,5/18/26,0.014333660609936946,0.08655208302925972,0.023147281790378695,0.06420214421359892,0.8117648303568256,0.034137901213475465,0.023759850772805964,0.043263776237436324,0.11957715201624926,0.779261319760033
Mersa town,5/18/26,0.0006640404982107908,0.008066579888313876,0.00716783387079871,0.00048426795747752926,0.9836172777851991,0.01319896557474052,0.006562986885357488,0.008843518393526513,0.03294509265685878,0.9384494364895167
Merti,5/18/26,0.16404238451298925,0.35874961147406115,0.18470132080781965,0.02542611881939219,0.2670805643857379,0.02973055840826144,0.037675620706572696,0.05511817381167768,0.0852081810087845,0.7922674660647037
Merto Lemariyam town,5/18/26,0.15169944681524083,0.29427274670599085,0.08858681317205218,0.07837011647888975,0.38707087682782654,0.0655976575164084,0.09393654173207375,0.10658198935713835,0.15209480878182718,0.5817890026125523
Mesela /Shen Duggoo,5/18/26,0.5095557160291385,0.39570931927325,0.0815843563766523,0.003895753059017874,0.009254855261941322,0.05619716781787597,0.06212599708450434,0.06740463149015781,0.0749509749164503,0.7393212286910116
Meta Robi,5/18/26,0.20539798769455475,0.32699101504489503,0.12250287044745845,0.16681032910416138,0.17829779770893023,0.18736552946683127,0.17399530286536924,0.17899931225816904,0.21547376363636214,0.2441660917732683
Meta Walkite,5/18/26,0.10969338886430037,0.21240084757170122,0.10245067466423691,0.16451042954204786,0.4109446593577136,0.16248701042889227,0.15767370195899555,0.17957273230713364,0.22132778747417897,0.2789387678307995
Metehara town,5/18/26,0.002488515879668979,0.028921334911659196,0.08582062563673472,0.0016568646557815307,0.8811126589161556,0.0016482100045527763,0.007624817246890404,0.022605396086044803,0.04662186983785411,0.9214997068246579
Michakel,5/18/26,0.0443571858846882,0.18382825153439275,0.13939840179576474,0.12869827216840582,0.5037178886167486,0.2711233579229757,0.20928974045213497,0.14751381223829774,0.14826600882807223,0.22380708055851928
Mida Kegn,5/18/26,0.37378359368683606,0.39240098992271233,0.10989399549095191,0.09036396644106065,0.03355745445843915,0.31925166235209285,0.2425408957330591,0.20562313268320265,0.16247116285567556,0.07011314637596988
Mida Woremo,5/18/26,0.00201993320800819,0.09054564313755696,0.021145993579901056,0.039224471829097475,0.8470639582454362,0.0013038402014368734,0.013663881567019377,0.04411614247628628,0.08310661131443871,0.8578095244408188
Mieso,5/18/26,0.008238158825687496,0.04698690647325038,0.10661103238591133,0.001017541086083131,0.8371463612290677,0.01180479411948546,0.012657180563289211,0.019248120543495388,0.03573276647430468,0.9205571382994253
Minjar Shenkora,5/18/26,0.00922064674975259,0.07016138839193839,0.048372516067065274,0.007598276870786946,0.8646471719204568,0.01461826272239123,0.012591304673979092,0.024917661885973785,0.060554918953363596,0.8873178517642923
Mojan Wedera,5/18/26,0.0016359005157343296,0.039331743415424635,0.0689083543456492,0.013493500011752868,0.8766305017114389,0.00024437941006595165,0.006405061408272813,0.03864964827216622,0.09854645771636557,0.8561544531931294
Mojo town,5/18/26,0.023462962101269778,0.13154481689073697,0.03727872800561847,0.03235005301833758,0.7753634399840372,0.03281813167819372,0.032793337749788654,0.03959692273923833,0.0898682675357733,0.804923340297006
Molale town,5/18/26,0.003546840430862413,0.046190165849668445,0.11085492489702788,0.015083972017925646,0.8243240968045156,0.0004435499006146277,0.007367788786974344,0.040605741031521626,0.1067572881124359,0.8448256321684535
Moretna Jiru,5/18/26,0.01950239518213982,0.08817962377221426,0.028967212799287784,0.038262042170236855,0.8250887260761213,0.03550584977780349,0.027009336728344942,0.03800766196596322,0.10650875843738646,0.7929683930905018
Mota town,5/18/26,0.1627220351953574,0.28599697663933366,0.08061394473013195,0.06973464735861773,0.4009323960765593,0.15960570118566808,0.13851354545789205,0.11169407024814389,0.13299389464751715,0.4571927884607788
Mulo,5/18/26,0.17618318823390655,0.3337616978608763,0.12042458022396729,0.16337788494934333,0.20625264873190666,0.16167583560521312,0.17040651010336372,0.1851661252101865,0.20260204771216464,0.28014948136907203
Munessa,5/18/26,0.34820280333219844,0.4333163159064986,0.09028924888274405,0.05225330248780877,0.07593832939075008,0.13757394727783914,0.13286358884871172,0.11973746966324873,0.10788446765540935,0.501940526554791
Nefas Mewicha town,5/18/26,0.02036782659791729,0.12156325624531825,0.0159171263797962,0.024737994188451816,0.8174137965885164,0.027074328607170742,0.042967642578982106,0.054327969648030126,0.08944378633114838,0.7861862728346687
Nenesebo,5/18/26,0.782892683802677,0.1729547808998533,0.020311276811215882,0.012662644897668001,0.011178613588585753,0.1359804246489763,0.12878407292297162,0.11237799971818524,0.09383923222055188,0.5290182704893149
Nono,5/18/26,0.4782909872415982,0.3641725289607875,0.08357513956947081,0.0668678886918236,0.007093455536319769,0.3001696839777549,0.22869237842513523,0.17819617462045978,0.17046982964565344,0.12247193333099671
Quarit,5/18/26,0.11913555384873797,0.1823858476893588,0.09380364475808699,0.08959255823690651,0.5150823954669097,0.2591566137586825,0.19913234939526736,0.20072744548527652,0.18933700120183786,0.15164659015893578
Raya Kobo,5/18/26,5.619261767315092e-10,1.662967037233873e-05,1.5220276462525883e-05,1.9609361912558842e-10,0.9999681492951454,9.999999999999998e-05,9.999999999999998e-05,9.999999999999998e-05,9.999999999999998e-05,0.9996
Robe,5/18/26,0.3067528336344825,0.5325646368358933,0.11150914637455725,0.012017332025532788,0.03715605112953414,0.06987322764247275,0.07204821036330782,0.0690907898995836,0.06604160161800765,0.7229461704766282
Robe town,5/18/26,0.19821105330839855,0.5770731718753234,0.15803297645799447,0.0022101734485867326,0.06447262490969691,0.04644914633601092,0.04348387315563161,0.038144314686119174,0.035468333804949424,0.8364543320172888
Sahila,5/18/26,5.517263161580041e-10,3.842087604171463e-07,1.7391266521253794e-05,3.564856360036606e-08,0.9999821883244283,9.999999999999998e-05,9.999999999999998e-05,0.0005541837555255877,0.007156402299767317,0.9920894139447071
Sayint,5/18/26,0.0004279870344890857,0.04403355911609692,0.016939536775826578,0.01570159009538715,0.9228973269782003,9.999999999999998e-05,0.003902694078642457,0.028685164197300238,0.06814387838063818,0.8991682633434191
Sebeta,5/18/26,0.07213378725855163,0.3729352599134481,0.13241564084909124,0.12925023311143946,0.2932650788674696,0.1114264871130075,0.1202149550591035,0.1133526565219906,0.13476059999297116,0.5202453013129272
Sebeta Hawas,5/18/26,0.056637410807487826,0.2921140179136744,0.11227981582576899,0.13538778967325238,0.40358096577981645,0.0992094081043278,0.10163385360581276,0.10567143225209519,0.1476438556957321,0.5458414503420321
Sedae,5/18/26,0.1279040895852309,0.2815006335840899,0.08735573523416855,0.07800700286699598,0.4252325387295148,0.05822040148288078,0.09317380175550727,0.11043052622570657,0.14865384174998975,0.5895214287859156
Sede Muja,5/18/26,0.019576973437978092,0.12471946344534061,0.013839577116078097,0.03231823393147194,0.8095457520691313,0.03445754656857678,0.0349599665945767,0.04663004242318476,0.09134736230614152,0.7926050821075202
Seden Sodo,5/18/26,0.11032162455739297,0.3730207904942422,0.13082999085815228,0.11940395251452954,0.2664236415756831,0.19487420984310302,0.19600264699593403,0.16257810549036913,0.1419613084755159,0.3045837291950779
Sekela,5/18/26,0.30148980612803417,0.4307682353161553,0.13307854290395116,0.07092876923452697,0.06373464641733233,0.3822132582894449,0.242263064813888,0.25427838240914424,0.11112679816584044,0.01011849632168238
Sekota,5/18/26,3.195521392417208e-05,0.0049938778172318385,0.011010207997409531,0.0003314149518475235,0.9836325440195869,9.999999999999998e-05,0.0010160709031891394,0.008061228614720719,0.02190621356843992,0.9689164869136502
Sekota town,5/18/26,2.854140267632318e-05,0.004789863059481904,0.011044615555506294,0.0004602344091725804,0.9836767455731629,9.999999999999998e-05,0.0006868370052353066,0.007563270754740761,0.02190008631783002,0.969749805922194
Semada,5/18/26,0.013216049389243164,0.05917801698131741,0.015118484809803524,0.03124841776129572,0.8812390310583402,0.058849280124164564,0.08885743865659507,0.10092417840556524,0.14759043498996482,0.6037786678237103
Senan,5/18/26,0.003730557070570775,0.02823060607481784,0.0232416711498532,0.0338631987836872,0.9109339669210709,0.24473884205426488,0.1964083649015696,0.15390753035736304,0.16672855898824143,0.23821670369856096
Sendafa town,5/18/26,0.10192218740629452,0.2068853930487333,0.09184035485322367,0.18163590448400596,0.4177161602077426,0.0535735516140693,0.04689132954672082,0.09486371895569841,0.21507507314393945,0.5895963267395721
Seru,5/18/26,0.14634748270271192,0.500973391651184,0.18909926998348106,0.003927115926969388,0.15965273973565366,0.03660774916561651,0.03823218746236677,0.03886628302281157,0.03985884471736872,0.8464349356318365
Shala,5/18/26,0.12425992244661843,0.35784842379035015,0.1295872244226517,0.07927757369566817,0.30902685564471166,0.08189146841412454,0.08327308449925305,0.0809129944215394,0.0760630044674785,0.6778594481976046
Shanan Kolu,5/18/26,0.47525594320554165,0.4269516324467307,0.07343283933220117,0.007529409740838402,0.016830175274688074,0.09795087811942027,0.08954873048951811,0.07483119429962962,0.07140172374352012,0.6662674733479119
Shashemene,5/18/26,0.20935640983915643,0.3827961845331185,0.14495190405748534,0.07588170222211932,0.1870137993481203,0.09712122981429812,0.0996489607368189,0.09570800497819816,0.08810958840757505,0.6194122160631097
Shashemene town,5/18/26,0.22209953498672924,0.3786990738023827,0.14146172691149278,0.07463192050902424,0.18310774379037098,0.10453879528654436,0.10671953246175546,0.10156847229038601,0.09157143856161241,0.5956017613997018
Shawra town,5/18/26,0.3772619663051221,0.3124388600529634,0.18199659217924702,0.040120106348018915,0.08818247511464862,0.06212424456230721,0.06631915764489163,0.0788125155278862,0.12296229790323754,0.6697817843616773
Shebel Bernta,5/18/26,0.07246446485967345,0.22026431712118405,0.06399567582843163,0.08120859768414052,0.5620669445065704,0.10235323805609461,0.09073541011633188,0.0916254574714174,0.13574320388254763,0.5795426904736085
Shendi town,5/18/26,0.32864702550367175,0.4124503367710618,0.15881384904260945,0.07035223075245117,0.029736557930205867,0.44589587355965904,0.26747337268996685,0.18655899964525524,0.07544280296178872,0.02462895114333008
Sheno town,5/18/26,0.028785361095598337,0.2138682376706577,0.17264165140734386,0.15295255389915535,0.43175219592724484,0.0012772799890886915,0.02412342868848524,0.11381176835735168,0.21229931027440724,0.6484882126906671
Shirka,5/18/26,0.34853044178934406,0.4974708630381212,0.11006629395089924,0.012979672897356924,0.03095272832427852,0.06908272626202003,0.075328734173759,0.07442047933663021,0.07388153131905616,0.7072865289085346
Shoa Robit,5/18/26,0.0002902328064726698,0.006525656786525553,0.06152378632365483,0.0006940795225819905,0.930966244560765,0.00027222868354899996,0.0038456578187586305,0.01906012568034002,0.05232762484317031,0.9244943629741821
Sinana,5/18/26,0.13806710332289016,0.49298734352769424,0.20655008992151475,0.0023026546436268483,0.16009280858427388,0.03484028249410679,0.03421675351065775,0.03241055949999241,0.03124689087857449,0.8672855136166686
Siraro,5/18/26,0.3415983342366675,0.45479860155360524,0.10929978900654454,0.025812580889051726,0.0684906943141311,0.08342736538082608,0.08274947858451133,0.07797603588306044,0.07127770215280403,0.6845694179987981
Sire,5/18/26,0.14835603229999314,0.4104949872317191,0.13626098937468406,0.035475745957531585,0.269412245136072,0.034675485500235685,0.045066555330986205,0.0634044007524345,0.09300348439553051,0.7638500740208132
Siya Debirna Wayu,5/18/26,0.0005880964893443018,0.005884376610528598,0.000985503417005276,0.0003719941496556655,0.9921700293334663,0.021846454485329705,0.01350067222366317,0.003946650176332378,0.03659851715586644,0.9241077059588083
Sodo Daci,5/18/26,0.08837553942598712,0.33695667426498654,0.10270163815983317,0.09226642547374053,0.3796997226754527,0.08251812490624277,0.0957206249570034,0.10433812024646767,0.11882559995523241,0.5985975299350538
Sude,5/18/26,0.17942279677084866,0.47509074872088924,0.1833494814210141,0.011533080127177787,0.15060389296007018,0.04432088137309881,0.047657448750954,0.04942618419682859,0.05638961392865585,0.8022058717504628
Sululta,5/18/26,0.19080341380850807,0.27779724885214074,0.11129679938117881,0.2127143417778434,0.20738819618032903,0.08225511619701696,0.09669313372110015,0.15646796513097977,0.23796106943775222,0.4266227155131509
Sululta (OR),5/18/26,0.09314170235072372,0.21246993783502258,0.09595897737690774,0.1950869301019415,0.40334245233540433,0.05317140719022505,0.06577319147785539,0.13431931509789088,0.2171610308021723,0.5295750554318563
Tach Armacho,5/18/26,0.771129346652208,0.16752187280687125,0.03649372159069386,0.02364757432939688,0.0012074846208301284,0.15068528828021696,0.15214900417169727,0.17656130555483085,0.22204304665364089,0.29856135533961403
Tach Gayint,5/18/26,0.01362719622804014,0.12719928958764526,0.011872150176727448,0.03236234520040925,0.8149390188071779,0.017933642008507545,0.02180977903020771,0.037822326472407214,0.08174174612014659,0.8406925063687309
Takusa,5/18/26,0.6383343822394965,0.22985538859627655,0.09144020383707815,0.03218639899023579,0.008183626336913014,0.09116394142068351,0.09637472121293118,0.12074967128695943,0.18088953018950663,0.5108221358899193
Tarema Ber,5/18/26,0.010835722811372598,0.05300491729957811,0.07290169081962242,0.0056044497884595885,0.8576532192809673,0.01498142568054578,0.011270374960331252,0.023831436843513954,0.061876381716823727,0.8880403807987853
Tegede,5/18/26,0.8155718383622477,0.15276243915254134,0.018151380557095618,0.013453959191340533,6.038273677470973e-05,0.089616928266079,0.16515744934061274,0.25417430468961727,0.22412601459783624,0.2669253031058548
Telemt,5/18/26,0.11745181278795329,0.2190226495063504,0.15358627271272127,0.1306101239317481,0.3793291410612269,0.021797510097363266,0.05076060818665747,0.1171456630419998,0.20133972680959245,0.608956491864387
Tena,5/18/26,0.2997302128986389,0.500814261156082,0.12805338034839872,0.01643180215411451,0.054970343442765995,0.06587990782692307,0.068222695508842,0.06872257973262691,0.07750573849576667,0.7196690784358414
Tenta,5/18/26,0.0006380036040888176,0.008235561746007427,0.0038967749750529455,0.0007377324248163178,0.9864919272500343,0.013812415215599207,0.005589350017557217,0.006692318580656475,0.03512047240758004,0.9387854437786071
Thehulederie,5/18/26,0.0003194691039024171,0.012627910913076057,0.02690510485954757,0.0035886260434395195,0.9565588890800343,9.999999999999998e-05,0.003241555726768864,0.023555976069512336,0.07135875851100386,0.901743709692715
Tikur Enchini,5/18/26,0.21756524135287492,0.39550378115270257,0.180604136818359,0.16375402506195386,0.04257281561410956,0.3206326028542189,0.24392509442406626,0.21178823024883012,0.15575636998918813,0.06789770248369664
Tiyo,5/18/26,0.23011250585692372,0.5015762749013036,0.09889256313158763,0.03700261325682224,0.1324160428533628,0.0849805608356407,0.0871093669319317,0.08455417762255915,0.08543364206627081,0.6579222525435976
Toke Kutaye,5/18/26,0.2058921441566652,0.40832967944974946,0.15504828531614356,0.17426917415143287,0.05646071692600887,0.24276898139268854,0.19880417341107837,0.22728292815095763,0.21509490471504078,0.11604901233023468
Tole,5/18/26,0.12022043286213112,0.4007652911672604,0.12892929277505963,0.10795691419085451,0.24212806900469433,0.16443743483824716,0.16557100320458198,0.14140556130232126,0.13237856855510635,0.3962074320997433
Tsagbeji,5/18/26,1.3868808150894909e-09,3.580064166238882e-06,3.896379481567571e-06,8.771352553683919e-09,0.9999925133981187,9.999999999999998e-05,9.999999999999998e-05,9.999999999999998e-05,0.0016019806437566008,0.9980980193562434
Tulefa town,5/18/26,0.028785361095598337,0.2138682376706577,0.17264165140734386,0.15295255389915535,0.43175219592724484,0.0012772799890886915,0.02412342868848524,0.11381176835735168,0.21229931027440724,0.6484882126906671
Tulo (OR),5/18/26,0.3243028414401448,0.4476609662413513,0.16805333730492553,0.004292641910475999,0.05569021310310245,0.039748106084397605,0.0436299269721397,0.04860064733508161,0.058083699768183505,0.8099376198401975
Wadla,5/18/26,0.000231894738572623,0.033820158769186016,0.014037964684387913,0.0060798390320951955,0.9458301427757582,9.999999999999998e-05,0.0011583931196808724,0.012065238540464849,0.04057097181532087,0.9461053965245334
Waliso,5/18/26,0.3852290303085675,0.4417099995314405,0.09707310009691589,0.05681795244505625,0.01916991761801977,0.287288961518493,0.2851705784570404,0.2083888543775824,0.11698689291006141,0.10216471273682282
Wara Jarso,5/18/26,0.03937555549017594,0.12724789993753513,0.06639475212305844,0.12149944631239219,0.6454823461368383,0.11992042880828416,0.11757621443447609,0.14148424875019733,0.19760701869395494,0.4234120893130875
Wegde,5/18/26,0.011185384477931068,0.1111077175277339,0.029787926971399245,0.058990783270637386,0.7889281877522982,0.02045086507934587,0.02386305846292365,0.04075050641857687,0.1002003854424069,0.8147351845967468
Wegeda town,5/18/26,0.00019506304755311174,0.002349449699579537,0.0006202449402707736,0.005368316287583474,0.9914669260250131,0.06250374006565089,0.07746031836133174,0.1028626390715489,0.174128914457016,0.5830443880444525
Wegedi town,5/18/26,0.006471882157687384,0.16561667230969854,0.016109754411716016,0.01119976045632012,0.8006019306645781,0.006487789134520419,0.021843228445369338,0.015356248975278656,0.029977717560527112,0.9263350158843044
Wegel tena town,5/18/26,2.834615446183174e-09,2.382216729994629e-06,6.671980296740795e-06,1.2836451206466435e-07,0.9999908146038459,9.999999999999998e-05,9.999999999999998e-05,0.00018223059860477715,0.008475545482261732,0.9911422239191335
Wegera,5/18/26,0.4856767556919322,0.31404907072084415,0.08994454711745517,0.06563964650135037,0.04468997996841802,0.12429097904596842,0.13878747991762935,0.16365487862572933,0.18562604858124546,0.3876406138294275
Welmera,5/18/26,0.12554443986786507,0.35817862160544783,0.14475872516221747,0.19737519290217587,0.17414302046229369,0.1340169244946449,0.15498835319715734,0.18543749378393354,0.21276845713118528,0.3127887713930789
Wemberma,5/18/26,0.686218708649548,0.2621664632846845,0.03572343561229934,0.015289373211578939,0.0006020192418890154,0.38365802620032047,0.2515701816050486,0.20236331992054923,0.10936769699174018,0.053040775282341523
Wenchi,5/18/26,0.3584606508214886,0.4363766085173521,0.10729234330891747,0.07605542767048085,0.021814969681761175,0.2827236298059526,0.25117440126565665,0.17739912357959386,0.14421402353103754,0.14448882181775935
Were Ilu,5/18/26,0.0001808505083349407,0.014867170657807943,0.012175997164098295,0.0034115234360191393,0.9693644582337397,9.999999999999998e-05,0.0017013258687305873,0.013799373228364662,0.04912249118849661,0.9352768097144082
Wereilu town,5/18/26,0.00021378193730409577,0.024936899138175053,0.014087487651049937,0.005369195179164153,0.9553926360943068,9.999999999999998e-05,0.0009148941772886679,0.011579809482985133,0.03776825832816734,0.9496370380115589
West Belesa,5/18/26,0.28411857171763416,0.324317069849462,0.12046355385056724,0.06416918033889654,0.20693162424344005,0.0631864798213053,0.07267355563541614,0.09568173702730069,0.13984668449439341,0.6286115430215844
West Dembiya,5/18/26,0.6899191011775618,0.2338003817664875,0.043703921104100485,0.02993988212157599,0.002636713830274282,0.1332557342454931,0.19525265585710413,0.20456954672225483,0.21383361126973574,0.2530884519054122
Woldiya town,5/18/26,5.8302133006824784e-08,2.2481416709432392e-05,9.316867280195237e-05,4.151625071986142e-06,0.9998801399832837,9.999999999999998e-05,9.999999999999998e-05,0.0006485008938151526,0.013203912504665053,0.9859475866015198
Woliso town,5/18/26,0.3685931440245191,0.4296619898128658,0.11100286500777415,0.06473017500997857,0.02601182614486239,0.29345730706191797,0.29132563485282836,0.20587937955981825,0.11208530005843649,0.09725237846699886
Wondo,5/18/26,0.39105859851472397,0.43713628918263076,0.11053829912846194,0.026039337385774762,0.035227475788408624,0.09006717897706124,0.09144252368696881,0.08798871596434704,0.08248621267231748,0.6480153686993054
Worebabu,5/18/26,0.00015779519499528873,0.00654917831953682,0.03297248304719595,0.0009838211309282127,0.9593367223073436,9.999999999999998e-05,0.0027257402139319216,0.018739583941990635,0.052306431355908255,0.9261282444881692
Woreta town,5/18/26,0.38572585188900393,0.2580056019071406,0.12216472967618668,0.13149331875276585,0.1026104977749031,0.10684567822881892,0.12920509561555088,0.17497661812624596,0.2514390812571337,0.33753352677225057
Wuchale,5/18/26,0.022370760630851454,0.10106996018043213,0.0367339311423582,0.07180968337828404,0.7680156646680741,0.03235288610028146,0.02067339673834179,0.048462526675277805,0.13087443722023673,0.7676367532658622
Yaya Gulele,5/18/26,0.023137512676185787,0.09924883282509969,0.04803967310508376,0.134232291463941,0.6953416899296897,0.03585348411903203,0.03569040971331273,0.09013465972834762,0.1883423700726956,0.649979076366612
Zequala,5/18/26,2.838844406322844e-11,2.9334239083208007e-08,2.5940031745514463e-06,1.5627893126603365e-09,0.9999973750714084,9.999999999999998e-05,9.999999999999998e-05,0.00030230222613135995,0.0053734040728208666,0.9941242937010478
Ziway Dugda,5/18/26,0.0811394646048327,0.28964953315999903,0.08662636737391848,0.06825610379469585,0.474328531066554,0.07366346285986793,0.08409531774945103,0.09420123078407854,0.10260241652484448,0.645437572081758
Berbere,5/18/26,0.3628161206008342,0.41975625377963244,0.11041265389036303,0.0022471195971314243,0.10476785213203889,0.03895719569354055,0.03894383360872603,0.03752895483633567,0.03515777045701563,0.8494122454043821
Dawe Ketchen,5/18/26,0.008399840988001417,0.06366377387598333,0.09567293926556404,0.0002722008185662816,0.8319912450518848,0.016197660782961427,0.01719607926110014,0.017717536501058683,0.017926019839884098,0.9309627036149957
Ginir,5/18/26,0.005802919367240944,0.0696113251384987,0.10124546509621886,0.0002031127824612092,0.8231371776155804,0.015234068248100403,0.015952567843079645,0.015739985077162635,0.014709395706372374,0.9383639831252849
Hawi Gudina,5/18/26,0.2844491280645241,0.5095040999818031,0.15632932020903947,0.004064997740187344,0.04565245400444599,0.049558862443001214,0.050680119466638786,0.05052300868738283,0.050079060792539216,0.799158948610438
Lege Hida,5/18/26,0.00887603156407471,0.096381324052388,0.09553477587788023,0.00017184921312843226,0.7990360192925287,0.02011970124991376,0.01862867055355241,0.016179924323600887,0.013312064087347227,0.9317596397855857
Rayitu,5/18/26,0.002735844085219968,0.034603260309346524,0.05896978644522069,0.00011249798184434375,0.9035786111783687,0.01394954857333433,0.014487884494279226,0.014494814432706804,0.014007763082455615,0.943059989417224
Seweyna,5/18/26,0.00020579717887098112,0.0067656748510639105,0.014701639298352023,7.82498469559758e-06,0.9783190636870174,0.011041479213230317,0.009989175081801426,0.008475215442312486,0.006852564826698846,0.9636415654359569
